"group","fat","water","protein"
"normal",17.757619047619,63.4864285714286,17.7842857142857
"outlier",34.3,51.36,13.42
