"id","depth","fat","water","protein"
43,0.0384177352749403,48.2,40.2,11
44,0.0103207998261247,48.5,39.5,12
99,0.0321847424472941,17.6,64.4,18
140,0.0501790915018474,22.4,62.4,11.5
185,0.0175427081069333,34.8,50.3,14.6
